-- MySQL Workbench Forward Engineering

SET @OLD_UNIQUE_CHECKS=@@UNIQUE_CHECKS, UNIQUE_CHECKS=0;
SET @OLD_FOREIGN_KEY_CHECKS=@@FOREIGN_KEY_CHECKS, FOREIGN_KEY_CHECKS=0;
SET @OLD_SQL_MODE=@@SQL_MODE, SQL_MODE='ONLY_FULL_GROUP_BY,STRICT_TRANS_TABLES,NO_ZERO_IN_DATE,NO_ZERO_DATE,ERROR_FOR_DIVISION_BY_ZERO,NO_ENGINE_SUBSTITUTION';

-- -----------------------------------------------------
-- Schema thepulpsdb
-- -----------------------------------------------------
DROP SCHEMA IF EXISTS `thepulpsdb` ;

-- -----------------------------------------------------
-- Schema thepulpsdb
-- -----------------------------------------------------
CREATE SCHEMA IF NOT EXISTS `thepulpsdb` DEFAULT CHARACTER SET utf8 ;
USE `thepulpsdb` ;

-- -----------------------------------------------------
-- Table `user`
-- -----------------------------------------------------
DROP TABLE IF EXISTS `user` ;

CREATE TABLE IF NOT EXISTS `user` (
  `id` INT NOT NULL AUTO_INCREMENT,
  `username` VARCHAR(45) NOT NULL,
  `password` VARCHAR(100) NOT NULL,
  `enabled` TINYINT NULL,
  `role` VARCHAR(45) NULL,
  PRIMARY KEY (`id`),
  UNIQUE INDEX `username_UNIQUE` (`username` ASC))
ENGINE = InnoDB;


-- -----------------------------------------------------
-- Table `collection`
-- -----------------------------------------------------
DROP TABLE IF EXISTS `collection` ;

CREATE TABLE IF NOT EXISTS `collection` (
  `id` INT NOT NULL AUTO_INCREMENT,
  `user_id` INT NOT NULL,
  `name` VARCHAR(45) NULL,
  `created_at` TIMESTAMP NULL,
  PRIMARY KEY (`id`),
  INDEX `fk_collection_user_idx` (`user_id` ASC),
  CONSTRAINT `fk_collection_user`
    FOREIGN KEY (`user_id`)
    REFERENCES `user` (`id`)
    ON DELETE NO ACTION
    ON UPDATE NO ACTION)
ENGINE = InnoDB;


-- -----------------------------------------------------
-- Table `story`
-- -----------------------------------------------------
DROP TABLE IF EXISTS `story` ;

CREATE TABLE IF NOT EXISTS `story` (
  `id` INT NOT NULL AUTO_INCREMENT,
  `title` VARCHAR(255) NULL,
  `created_at` TIMESTAMP NULL,
  PRIMARY KEY (`id`))
ENGINE = InnoDB;


-- -----------------------------------------------------
-- Table `collection_story`
-- -----------------------------------------------------
DROP TABLE IF EXISTS `collection_story` ;

CREATE TABLE IF NOT EXISTS `collection_story` (
  `collection_id` INT NOT NULL,
  `story_id` INT NOT NULL,
  INDEX `fk_collection_story_collection1_idx` (`collection_id` ASC),
  INDEX `fk_collection_story_story1_idx` (`story_id` ASC),
  CONSTRAINT `fk_collection_story_collection1`
    FOREIGN KEY (`collection_id`)
    REFERENCES `collection` (`id`)
    ON DELETE NO ACTION
    ON UPDATE NO ACTION,
  CONSTRAINT `fk_collection_story_story1`
    FOREIGN KEY (`story_id`)
    REFERENCES `story` (`id`)
    ON DELETE NO ACTION
    ON UPDATE NO ACTION)
ENGINE = InnoDB;


-- -----------------------------------------------------
-- Table `publication`
-- -----------------------------------------------------
DROP TABLE IF EXISTS `publication` ;

CREATE TABLE IF NOT EXISTS `publication` (
  `id` INT NOT NULL AUTO_INCREMENT,
  `name` VARCHAR(255) NULL,
  `created_at` TIMESTAMP NULL,
  PRIMARY KEY (`id`))
ENGINE = InnoDB;


-- -----------------------------------------------------
-- Table `cover_artwork`
-- -----------------------------------------------------
DROP TABLE IF EXISTS `cover_artwork` ;

CREATE TABLE IF NOT EXISTS `cover_artwork` (
  `id` INT NOT NULL AUTO_INCREMENT,
  `image_url` VARCHAR(255) NULL,
  PRIMARY KEY (`id`))
ENGINE = InnoDB;


-- -----------------------------------------------------
-- Table `magazine`
-- -----------------------------------------------------
DROP TABLE IF EXISTS `magazine` ;

CREATE TABLE IF NOT EXISTS `magazine` (
  `id` INT NOT NULL AUTO_INCREMENT,
  `cover_artwork_id` INT NULL,
  `publication_id` INT NULL,
  `name` VARCHAR(255) NULL,
  `created_at` TIMESTAMP NULL,
  PRIMARY KEY (`id`),
  INDEX `fk_magazine_cover_artwork1_idx` (`cover_artwork_id` ASC),
  INDEX `fk_magazine_publication1_idx` (`publication_id` ASC),
  CONSTRAINT `fk_magazine_cover_artwork1`
    FOREIGN KEY (`cover_artwork_id`)
    REFERENCES `cover_artwork` (`id`)
    ON DELETE NO ACTION
    ON UPDATE NO ACTION,
  CONSTRAINT `fk_magazine_publication1`
    FOREIGN KEY (`publication_id`)
    REFERENCES `publication` (`id`)
    ON DELETE NO ACTION
    ON UPDATE NO ACTION)
ENGINE = InnoDB;


-- -----------------------------------------------------
-- Table `author`
-- -----------------------------------------------------
DROP TABLE IF EXISTS `author` ;

CREATE TABLE IF NOT EXISTS `author` (
  `id` INT NOT NULL AUTO_INCREMENT,
  `full_name` VARCHAR(100) NULL,
  PRIMARY KEY (`id`))
ENGINE = InnoDB;


-- -----------------------------------------------------
-- Table `magazine_story`
-- -----------------------------------------------------
DROP TABLE IF EXISTS `magazine_story` ;

CREATE TABLE IF NOT EXISTS `magazine_story` (
  `story_id` INT NOT NULL,
  `magazine_id` INT NOT NULL,
  INDEX `fk_magazine_story_story1_idx` (`story_id` ASC),
  INDEX `fk_magazine_story_magazine1_idx` (`magazine_id` ASC),
  CONSTRAINT `fk_magazine_story_story1`
    FOREIGN KEY (`story_id`)
    REFERENCES `story` (`id`)
    ON DELETE NO ACTION
    ON UPDATE NO ACTION,
  CONSTRAINT `fk_magazine_story_magazine1`
    FOREIGN KEY (`magazine_id`)
    REFERENCES `magazine` (`id`)
    ON DELETE NO ACTION
    ON UPDATE NO ACTION)
ENGINE = InnoDB;


-- -----------------------------------------------------
-- Table `story_author`
-- -----------------------------------------------------
DROP TABLE IF EXISTS `story_author` ;

CREATE TABLE IF NOT EXISTS `story_author` (
  `story_id` INT NOT NULL,
  `author_id` INT NOT NULL,
  INDEX `fk_story_author_story1_idx` (`story_id` ASC),
  INDEX `fk_story_author_author1_idx` (`author_id` ASC),
  CONSTRAINT `fk_story_author_story1`
    FOREIGN KEY (`story_id`)
    REFERENCES `story` (`id`)
    ON DELETE NO ACTION
    ON UPDATE NO ACTION,
  CONSTRAINT `fk_story_author_author1`
    FOREIGN KEY (`author_id`)
    REFERENCES `author` (`id`)
    ON DELETE NO ACTION
    ON UPDATE NO ACTION)
ENGINE = InnoDB;


-- -----------------------------------------------------
-- Table `story_comment`
-- -----------------------------------------------------
DROP TABLE IF EXISTS `story_comment` ;

CREATE TABLE IF NOT EXISTS `story_comment` (
  `id` INT NOT NULL AUTO_INCREMENT,
  `user_id` INT NOT NULL,
  `story_id` INT NOT NULL,
  `content` TEXT NULL,
  `created_at` TIMESTAMP NULL,
  `updated_at` TIMESTAMP NULL,
  `parent_comment_id` INT NULL,
  PRIMARY KEY (`id`),
  INDEX `fk_story_comment_user1_idx` (`user_id` ASC),
  INDEX `fk_story_comment_story1_idx` (`story_id` ASC),
  INDEX `fk_story_comment_story_comment1_idx` (`parent_comment_id` ASC),
  CONSTRAINT `fk_story_comment_user1`
    FOREIGN KEY (`user_id`)
    REFERENCES `user` (`id`)
    ON DELETE NO ACTION
    ON UPDATE NO ACTION,
  CONSTRAINT `fk_story_comment_story1`
    FOREIGN KEY (`story_id`)
    REFERENCES `story` (`id`)
    ON DELETE NO ACTION
    ON UPDATE NO ACTION,
  CONSTRAINT `fk_story_comment_story_comment1`
    FOREIGN KEY (`parent_comment_id`)
    REFERENCES `story_comment` (`id`)
    ON DELETE NO ACTION
    ON UPDATE NO ACTION)
ENGINE = InnoDB;


-- -----------------------------------------------------
-- Table `tag`
-- -----------------------------------------------------
DROP TABLE IF EXISTS `tag` ;

CREATE TABLE IF NOT EXISTS `tag` (
  `id` INT NOT NULL AUTO_INCREMENT,
  `genre` ENUM('DETECTIVE_CRIME', 'HORROR', 'WESTERN', 'ADVENTURE', 'ROMANCE', 'SCIENCE_FICTION', 'FANTASY', 'WAR_AND_AIR_COMBAT', 'SPORTS', 'NOT_SPECIFIED') NULL DEFAULT 'NOT_SPECIFIED',
  PRIMARY KEY (`id`))
ENGINE = InnoDB;


-- -----------------------------------------------------
-- Table `ticket`
-- -----------------------------------------------------
DROP TABLE IF EXISTS `ticket` ;

CREATE TABLE IF NOT EXISTS `ticket` (
  `id` INT NOT NULL AUTO_INCREMENT,
  `title` VARCHAR(255) NULL,
  `description` TEXT NULL,
  `created_at` TIMESTAMP NULL,
  `updated_at` TIMESTAMP NULL,
  `user_id` INT NOT NULL,
  PRIMARY KEY (`id`),
  INDEX `fk_ticket_user1_idx` (`user_id` ASC),
  CONSTRAINT `fk_ticket_user1`
    FOREIGN KEY (`user_id`)
    REFERENCES `user` (`id`)
    ON DELETE NO ACTION
    ON UPDATE NO ACTION)
ENGINE = InnoDB;


-- -----------------------------------------------------
-- Table `ticket_message`
-- -----------------------------------------------------
DROP TABLE IF EXISTS `ticket_message` ;

CREATE TABLE IF NOT EXISTS `ticket_message` (
  `id` INT NOT NULL AUTO_INCREMENT,
  `content` TEXT NULL,
  `created_at` TIMESTAMP NULL,
  `user_id` INT NOT NULL,
  `ticket_id` INT NOT NULL,
  PRIMARY KEY (`id`),
  INDEX `fk_ticket_message_user1_idx` (`user_id` ASC),
  INDEX `fk_ticket_message_ticket1_idx` (`ticket_id` ASC),
  CONSTRAINT `fk_ticket_message_user1`
    FOREIGN KEY (`user_id`)
    REFERENCES `user` (`id`)
    ON DELETE NO ACTION
    ON UPDATE NO ACTION,
  CONSTRAINT `fk_ticket_message_ticket1`
    FOREIGN KEY (`ticket_id`)
    REFERENCES `ticket` (`id`)
    ON DELETE NO ACTION
    ON UPDATE NO ACTION)
ENGINE = InnoDB;


-- -----------------------------------------------------
-- Table `notification`
-- -----------------------------------------------------
DROP TABLE IF EXISTS `notification` ;

CREATE TABLE IF NOT EXISTS `notification` (
  `id` INT NOT NULL AUTO_INCREMENT,
  `content` TEXT NULL,
  `created_at` TIMESTAMP NULL,
  PRIMARY KEY (`id`))
ENGINE = InnoDB;


-- -----------------------------------------------------
-- Table `user_notification`
-- -----------------------------------------------------
DROP TABLE IF EXISTS `user_notification` ;

CREATE TABLE IF NOT EXISTS `user_notification` (
  `id` INT NOT NULL AUTO_INCREMENT,
  `user_id` INT NOT NULL,
  `notification_id` INT NOT NULL,
  `viewed` TINYINT NULL,
  `viewed_at` TIMESTAMP NULL,
  `dismissed` TINYINT NULL,
  `dismissed_at` TIMESTAMP NULL,
  PRIMARY KEY (`id`),
  INDEX `fk_user_notification_user1_idx` (`user_id` ASC),
  INDEX `fk_user_notification_notification1_idx` (`notification_id` ASC),
  CONSTRAINT `fk_user_notification_user1`
    FOREIGN KEY (`user_id`)
    REFERENCES `user` (`id`)
    ON DELETE NO ACTION
    ON UPDATE NO ACTION,
  CONSTRAINT `fk_user_notification_notification1`
    FOREIGN KEY (`notification_id`)
    REFERENCES `notification` (`id`)
    ON DELETE NO ACTION
    ON UPDATE NO ACTION)
ENGINE = InnoDB;


-- -----------------------------------------------------
-- Table `rating`
-- -----------------------------------------------------
DROP TABLE IF EXISTS `rating` ;

CREATE TABLE IF NOT EXISTS `rating` (
  `id` INT NOT NULL AUTO_INCREMENT,
  `user_id` INT NOT NULL,
  `publication_id` INT NOT NULL,
  `magazine_id` INT NOT NULL,
  `story_id` INT NOT NULL,
  `author_id` INT NOT NULL,
  `rating_value` VARCHAR(45) NULL,
  `created_at` TIMESTAMP NULL,
  PRIMARY KEY (`id`),
  INDEX `fk_rating_user1_idx` (`user_id` ASC),
  INDEX `fk_rating_publication1_idx` (`publication_id` ASC),
  INDEX `fk_rating_magazine1_idx` (`magazine_id` ASC),
  INDEX `fk_rating_story1_idx` (`story_id` ASC),
  INDEX `fk_rating_author1_idx` (`author_id` ASC),
  CONSTRAINT `fk_rating_user1`
    FOREIGN KEY (`user_id`)
    REFERENCES `user` (`id`)
    ON DELETE NO ACTION
    ON UPDATE NO ACTION,
  CONSTRAINT `fk_rating_publication1`
    FOREIGN KEY (`publication_id`)
    REFERENCES `publication` (`id`)
    ON DELETE NO ACTION
    ON UPDATE NO ACTION,
  CONSTRAINT `fk_rating_magazine1`
    FOREIGN KEY (`magazine_id`)
    REFERENCES `magazine` (`id`)
    ON DELETE NO ACTION
    ON UPDATE NO ACTION,
  CONSTRAINT `fk_rating_story1`
    FOREIGN KEY (`story_id`)
    REFERENCES `story` (`id`)
    ON DELETE NO ACTION
    ON UPDATE NO ACTION,
  CONSTRAINT `fk_rating_author1`
    FOREIGN KEY (`author_id`)
    REFERENCES `author` (`id`)
    ON DELETE NO ACTION
    ON UPDATE NO ACTION)
ENGINE = InnoDB;


-- -----------------------------------------------------
-- Table `publication_tag`
-- -----------------------------------------------------
DROP TABLE IF EXISTS `publication_tag` ;

CREATE TABLE IF NOT EXISTS `publication_tag` (
  `publication_id` INT NOT NULL,
  `tag_id` INT NOT NULL,
  INDEX `fk_publication_tag_publication1_idx` (`publication_id` ASC),
  INDEX `fk_publication_tag_tag1_idx` (`tag_id` ASC),
  CONSTRAINT `fk_publication_tag_publication1`
    FOREIGN KEY (`publication_id`)
    REFERENCES `publication` (`id`)
    ON DELETE NO ACTION
    ON UPDATE NO ACTION,
  CONSTRAINT `fk_publication_tag_tag1`
    FOREIGN KEY (`tag_id`)
    REFERENCES `tag` (`id`)
    ON DELETE NO ACTION
    ON UPDATE NO ACTION)
ENGINE = InnoDB;


-- -----------------------------------------------------
-- Table `magazine_tag`
-- -----------------------------------------------------
DROP TABLE IF EXISTS `magazine_tag` ;

CREATE TABLE IF NOT EXISTS `magazine_tag` (
  `magazine_id` INT NOT NULL,
  `tag_id` INT NOT NULL,
  INDEX `fk_magazine_tag_magazine1_idx` (`magazine_id` ASC),
  INDEX `fk_magazine_tag_tag1_idx` (`tag_id` ASC),
  CONSTRAINT `fk_magazine_tag_magazine1`
    FOREIGN KEY (`magazine_id`)
    REFERENCES `magazine` (`id`)
    ON DELETE NO ACTION
    ON UPDATE NO ACTION,
  CONSTRAINT `fk_magazine_tag_tag1`
    FOREIGN KEY (`tag_id`)
    REFERENCES `tag` (`id`)
    ON DELETE NO ACTION
    ON UPDATE NO ACTION)
ENGINE = InnoDB;


-- -----------------------------------------------------
-- Table `story_tag`
-- -----------------------------------------------------
DROP TABLE IF EXISTS `story_tag` ;

CREATE TABLE IF NOT EXISTS `story_tag` (
  `story_id` INT NOT NULL,
  `tag_id` INT NOT NULL,
  INDEX `fk_story_tag_story1_idx` (`story_id` ASC),
  INDEX `fk_story_tag_tag1_idx` (`tag_id` ASC),
  CONSTRAINT `fk_story_tag_story1`
    FOREIGN KEY (`story_id`)
    REFERENCES `story` (`id`)
    ON DELETE NO ACTION
    ON UPDATE NO ACTION,
  CONSTRAINT `fk_story_tag_tag1`
    FOREIGN KEY (`tag_id`)
    REFERENCES `tag` (`id`)
    ON DELETE NO ACTION
    ON UPDATE NO ACTION)
ENGINE = InnoDB;


-- -----------------------------------------------------
-- Table `author_tag`
-- -----------------------------------------------------
DROP TABLE IF EXISTS `author_tag` ;

CREATE TABLE IF NOT EXISTS `author_tag` (
  `author_id` INT NOT NULL,
  `tag_id` INT NOT NULL,
  INDEX `fk_author_tag_author1_idx` (`author_id` ASC),
  INDEX `fk_author_tag_tag1_idx` (`tag_id` ASC),
  CONSTRAINT `fk_author_tag_author1`
    FOREIGN KEY (`author_id`)
    REFERENCES `author` (`id`)
    ON DELETE NO ACTION
    ON UPDATE NO ACTION,
  CONSTRAINT `fk_author_tag_tag1`
    FOREIGN KEY (`tag_id`)
    REFERENCES `tag` (`id`)
    ON DELETE NO ACTION
    ON UPDATE NO ACTION)
ENGINE = InnoDB;


-- -----------------------------------------------------
-- Table `story_pdf`
-- -----------------------------------------------------
DROP TABLE IF EXISTS `story_pdf` ;

CREATE TABLE IF NOT EXISTS `story_pdf` (
  `id` INT NOT NULL AUTO_INCREMENT,
  `story_id` INT NOT NULL,
  `story_url` VARCHAR(1000) NULL,
  PRIMARY KEY (`id`),
  INDEX `fk_story_url_story1_idx` (`story_id` ASC),
  CONSTRAINT `fk_story_url_story1`
    FOREIGN KEY (`story_id`)
    REFERENCES `story` (`id`)
    ON DELETE NO ACTION
    ON UPDATE NO ACTION)
ENGINE = InnoDB;


-- -----------------------------------------------------
-- Table `member`
-- -----------------------------------------------------
DROP TABLE IF EXISTS `member` ;

CREATE TABLE IF NOT EXISTS `member` (
  `id` INT NOT NULL,
  `name` VARCHAR(100) NULL,
  `description` TEXT NULL,
  PRIMARY KEY (`id`))
ENGINE = InnoDB;


-- -----------------------------------------------------
-- Table `story_member`
-- -----------------------------------------------------
DROP TABLE IF EXISTS `story_member` ;

CREATE TABLE IF NOT EXISTS `story_member` (
  `story_id` INT NOT NULL,
  `member_id` INT NOT NULL,
  INDEX `fk_story_character_story1_idx` (`story_id` ASC),
  INDEX `fk_story_member_member1_idx` (`member_id` ASC),
  CONSTRAINT `fk_story_character_story1`
    FOREIGN KEY (`story_id`)
    REFERENCES `story` (`id`)
    ON DELETE NO ACTION
    ON UPDATE NO ACTION,
  CONSTRAINT `fk_story_member_member1`
    FOREIGN KEY (`member_id`)
    REFERENCES `member` (`id`)
    ON DELETE NO ACTION
    ON UPDATE NO ACTION)
ENGINE = InnoDB;


-- -----------------------------------------------------
-- Table `user_profile`
-- -----------------------------------------------------
DROP TABLE IF EXISTS `user_profile` ;

CREATE TABLE IF NOT EXISTS `user_profile` (
  `id` INT NOT NULL,
  `image_url` VARCHAR(255) NULL,
  `bio` TEXT NULL,
  `user_id` INT NOT NULL,
  PRIMARY KEY (`id`),
  INDEX `fk_user_profile_user1_idx` (`user_id` ASC),
  CONSTRAINT `fk_user_profile_user1`
    FOREIGN KEY (`user_id`)
    REFERENCES `user` (`id`)
    ON DELETE NO ACTION
    ON UPDATE NO ACTION)
ENGINE = InnoDB;

SET SQL_MODE = '';
DROP USER IF EXISTS thepulps@localhost;
SET SQL_MODE='ONLY_FULL_GROUP_BY,STRICT_TRANS_TABLES,NO_ZERO_IN_DATE,NO_ZERO_DATE,ERROR_FOR_DIVISION_BY_ZERO,NO_ENGINE_SUBSTITUTION';
CREATE USER 'thepulps'@'localhost' IDENTIFIED BY 'thepulps';

GRANT SELECT, INSERT, TRIGGER, UPDATE, DELETE ON TABLE * TO 'thepulps'@'localhost';

SET SQL_MODE=@OLD_SQL_MODE;
SET FOREIGN_KEY_CHECKS=@OLD_FOREIGN_KEY_CHECKS;
SET UNIQUE_CHECKS=@OLD_UNIQUE_CHECKS;

-- -----------------------------------------------------
-- Data for table `user`
-- -----------------------------------------------------
START TRANSACTION;
USE `thepulpsdb`;
INSERT INTO `user` (`id`, `username`, `password`, `enabled`, `role`) VALUES (1, 'admin', '$2a$10$4SMKDcs9jT18dbFxqtIqDeLEynC7MUrCEUbv1a/bhO.x9an9WGPvm', 1, 'ADMIN');
INSERT INTO `user` (`id`, `username`, `password`, `enabled`, `role`) VALUES (2, 'Solomon', '$2a$10$4SMKDcs9jT18dbFxqtIqDeLEynC7MUrCEUbv1a/bhO.x9an9WGPvm', 1, 'STANDARD');
INSERT INTO `user` (`id`, `username`, `password`, `enabled`, `role`) VALUES (3, 'Conan', '$2a$10$4SMKDcs9jT18dbFxqtIqDeLEynC7MUrCEUbv1a/bhO.x9an9WGPvm', 1, 'STANDARD');

COMMIT;


-- -----------------------------------------------------
-- Data for table `collection`
-- -----------------------------------------------------
START TRANSACTION;
USE `thepulpsdb`;
INSERT INTO `collection` (`id`, `user_id`, `name`, `created_at`) VALUES (1, 1, 'Favorites', '2023-03-03T12:35:22');

COMMIT;


-- -----------------------------------------------------
-- Data for table `story`
-- -----------------------------------------------------
START TRANSACTION;
USE `thepulpsdb`;
INSERT INTO `story` (`id`, `title`, `created_at`) VALUES (1, 'Red Shadows', '2023-03-03T12:35:22');

COMMIT;


-- -----------------------------------------------------
-- Data for table `collection_story`
-- -----------------------------------------------------
START TRANSACTION;
USE `thepulpsdb`;
INSERT INTO `collection_story` (`collection_id`, `story_id`) VALUES (1, 1);

COMMIT;


-- -----------------------------------------------------
-- Data for table `publication`
-- -----------------------------------------------------
START TRANSACTION;
USE `thepulpsdb`;
INSERT INTO `publication` (`id`, `name`, `created_at`) VALUES (1, 'Weird Tales', '2023-03-03T12:35:22');

COMMIT;


-- -----------------------------------------------------
-- Data for table `cover_artwork`
-- -----------------------------------------------------
START TRANSACTION;
USE `thepulpsdb`;
INSERT INTO `cover_artwork` (`id`, `image_url`) VALUES (1, 'https://upload.wikimedia.org/wikipedia/commons/thumb/6/6a/Weird_Tales_August_1928.jpg/800px-Weird_Tales_August_1928.jpg');

COMMIT;


-- -----------------------------------------------------
-- Data for table `magazine`
-- -----------------------------------------------------
START TRANSACTION;
USE `thepulpsdb`;
INSERT INTO `magazine` (`id`, `cover_artwork_id`, `publication_id`, `name`, `created_at`) VALUES (1, 1, 1, 'Weird Tales, August 1928', '2023-03-03T12:35:22');

COMMIT;


-- -----------------------------------------------------
-- Data for table `author`
-- -----------------------------------------------------
START TRANSACTION;
USE `thepulpsdb`;
INSERT INTO `author` (`id`, `full_name`) VALUES (1, 'Robert E. Howard');

COMMIT;


-- -----------------------------------------------------
-- Data for table `magazine_story`
-- -----------------------------------------------------
START TRANSACTION;
USE `thepulpsdb`;
INSERT INTO `magazine_story` (`story_id`, `magazine_id`) VALUES (1, 1);

COMMIT;


-- -----------------------------------------------------
-- Data for table `story_author`
-- -----------------------------------------------------
START TRANSACTION;
USE `thepulpsdb`;
INSERT INTO `story_author` (`story_id`, `author_id`) VALUES (1, 1);

COMMIT;


-- -----------------------------------------------------
-- Data for table `story_comment`
-- -----------------------------------------------------
START TRANSACTION;
USE `thepulpsdb`;
INSERT INTO `story_comment` (`id`, `user_id`, `story_id`, `content`, `created_at`, `updated_at`, `parent_comment_id`) VALUES (1, 1, 1, 'Slowly he rose, mechanically wiping his hands upon his cloak. A dark scowl had settled on his somber brow. Yet he made no wild, reckless vow, swore no oath by saints or devils.', '2023-03-03T12:35:22', NULL, NULL);
INSERT INTO `story_comment` (`id`, `user_id`, `story_id`, `content`, `created_at`, `updated_at`, `parent_comment_id`) VALUES (2, 2, 1, '\"Men shall die for this,\" he said coldly.', '2023-03-03T12:35:23', NULL, 1);

COMMIT;


-- -----------------------------------------------------
-- Data for table `tag`
-- -----------------------------------------------------
START TRANSACTION;
USE `thepulpsdb`;
INSERT INTO `tag` (`id`, `genre`) VALUES (1, 'DETECTIVE_CRIME');
INSERT INTO `tag` (`id`, `genre`) VALUES (2, 'HORROR');
INSERT INTO `tag` (`id`, `genre`) VALUES (3, 'WESTERN');
INSERT INTO `tag` (`id`, `genre`) VALUES (4, 'ADVENTURE');
INSERT INTO `tag` (`id`, `genre`) VALUES (5, 'ROMANCE');
INSERT INTO `tag` (`id`, `genre`) VALUES (6, 'SCIENCE_FICTION');
INSERT INTO `tag` (`id`, `genre`) VALUES (7, 'FANTASY');
INSERT INTO `tag` (`id`, `genre`) VALUES (8, 'WAR_AND_AIR_COMBAT');
INSERT INTO `tag` (`id`, `genre`) VALUES (9, 'SPORTS');
INSERT INTO `tag` (`id`, `genre`) VALUES (10, 'NOT_SPECIFIED');

COMMIT;


-- -----------------------------------------------------
-- Data for table `publication_tag`
-- -----------------------------------------------------
START TRANSACTION;
USE `thepulpsdb`;
INSERT INTO `publication_tag` (`publication_id`, `tag_id`) VALUES (1, 2);
INSERT INTO `publication_tag` (`publication_id`, `tag_id`) VALUES (1, 7);

COMMIT;


-- -----------------------------------------------------
-- Data for table `magazine_tag`
-- -----------------------------------------------------
START TRANSACTION;
USE `thepulpsdb`;
INSERT INTO `magazine_tag` (`magazine_id`, `tag_id`) VALUES (1, 2);
INSERT INTO `magazine_tag` (`magazine_id`, `tag_id`) VALUES (1, 7);

COMMIT;


-- -----------------------------------------------------
-- Data for table `story_tag`
-- -----------------------------------------------------
START TRANSACTION;
USE `thepulpsdb`;
INSERT INTO `story_tag` (`story_id`, `tag_id`) VALUES (1, 2);
INSERT INTO `story_tag` (`story_id`, `tag_id`) VALUES (1, 7);

COMMIT;


-- -----------------------------------------------------
-- Data for table `author_tag`
-- -----------------------------------------------------
START TRANSACTION;
USE `thepulpsdb`;
INSERT INTO `author_tag` (`author_id`, `tag_id`) VALUES (1, 2);
INSERT INTO `author_tag` (`author_id`, `tag_id`) VALUES (1, 3);
INSERT INTO `author_tag` (`author_id`, `tag_id`) VALUES (1, 4);
INSERT INTO `author_tag` (`author_id`, `tag_id`) VALUES (1, 6);
INSERT INTO `author_tag` (`author_id`, `tag_id`) VALUES (1, 7);

COMMIT;


-- -----------------------------------------------------
-- Data for table `story_pdf`
-- -----------------------------------------------------
START TRANSACTION;
USE `thepulpsdb`;
INSERT INTO `story_pdf` (`id`, `story_id`, `story_url`) VALUES (1, 1, 'https://nyc3.digitaloceanspaces.com/sffaudio-usa/mp3s/RedShadowsByRobertE.HowardWT.pdf');

COMMIT;


-- -----------------------------------------------------
-- Data for table `member`
-- -----------------------------------------------------
START TRANSACTION;
USE `thepulpsdb`;
INSERT INTO `member` (`id`, `name`, `description`) VALUES (1, 'Solomon Kane', 'A late-16th-to-early-17th century Puritan, Solomon Kane is a somber-looking man who wanders the world with no apparent goal other than to vanquish evil in all its forms.');

COMMIT;


-- -----------------------------------------------------
-- Data for table `story_member`
-- -----------------------------------------------------
START TRANSACTION;
USE `thepulpsdb`;
INSERT INTO `story_member` (`story_id`, `member_id`) VALUES (1, 1);

COMMIT;


-- -----------------------------------------------------
-- Data for table `user_profile`
-- -----------------------------------------------------
START TRANSACTION;
USE `thepulpsdb`;
INSERT INTO `user_profile` (`id`, `image_url`, `bio`, `user_id`) VALUES (1, 'https://w7.pngwing.com/pngs/831/88/png-transparent-user-profile-computer-icons-user-interface-mystique-miscellaneous-user-interface-design-smile-thumbnail.png', 'I am the ruler of this domain', 1);
INSERT INTO `user_profile` (`id`, `image_url`, `bio`, `user_id`) VALUES (2, 'https://www.comicbookreligion.com/img/s/o/Solomon_Kane_2.jpg', 'A somber-looking man who wanders the world with no apparent goal other than to vanquish evil in all its forms.', 2);
INSERT INTO `user_profile` (`id`, `image_url`, `bio`, `user_id`) VALUES (3, 'https://i0.wp.com/www.tor.com/wp-content/uploads/2014/12/GaryGianniConan.jpg', 'Hither came Conan, the Cimmerian, black-haired, sullen-eyed, sword in hand, a thief, a reaver, a slayer, with gigantic melancholies and gigantic mirth, to tread the jeweled thrones of the Earth under his sandalled feet.', 3);

COMMIT;

