-- MySQL Workbench Forward Engineering

SET @OLD_UNIQUE_CHECKS=@@UNIQUE_CHECKS, UNIQUE_CHECKS=0;
SET @OLD_FOREIGN_KEY_CHECKS=@@FOREIGN_KEY_CHECKS, FOREIGN_KEY_CHECKS=0;
SET @OLD_SQL_MODE=@@SQL_MODE, SQL_MODE='ONLY_FULL_GROUP_BY,STRICT_TRANS_TABLES,NO_ZERO_IN_DATE,NO_ZERO_DATE,ERROR_FOR_DIVISION_BY_ZERO,NO_ENGINE_SUBSTITUTION';

-- -----------------------------------------------------
-- Schema thepulpsdb
-- -----------------------------------------------------
DROP SCHEMA IF EXISTS `thepulpsdb` ;

-- -----------------------------------------------------
-- Schema thepulpsdb
-- -----------------------------------------------------
CREATE SCHEMA IF NOT EXISTS `thepulpsdb` DEFAULT CHARACTER SET utf8 ;
USE `thepulpsdb` ;

-- -----------------------------------------------------
-- Table `user_profile`
-- -----------------------------------------------------
DROP TABLE IF EXISTS `user_profile` ;

CREATE TABLE IF NOT EXISTS `user_profile` (
  `id` INT NOT NULL AUTO_INCREMENT,
  `image_url` VARCHAR(255) NULL,
  `bio` TEXT NULL,
  PRIMARY KEY (`id`))
ENGINE = InnoDB;


-- -----------------------------------------------------
-- Table `user`
-- -----------------------------------------------------
DROP TABLE IF EXISTS `user` ;

CREATE TABLE IF NOT EXISTS `user` (
  `id` INT NOT NULL AUTO_INCREMENT,
  `username` VARCHAR(45) NOT NULL,
  `password` VARCHAR(100) NOT NULL,
  `enabled` TINYINT NULL,
  `role` VARCHAR(45) NULL,
  `user_profile_id` INT NOT NULL,
  `email` VARCHAR(100) NULL,
  `first_name` VARCHAR(45) NULL,
  `last_name` VARCHAR(45) NULL,
  PRIMARY KEY (`id`),
  UNIQUE INDEX `username_UNIQUE` (`username` ASC),
  INDEX `fk_user_user_profile1_idx` (`user_profile_id` ASC),
  UNIQUE INDEX `email_UNIQUE` (`email` ASC),
  CONSTRAINT `fk_user_user_profile1`
    FOREIGN KEY (`user_profile_id`)
    REFERENCES `user_profile` (`id`)
    ON DELETE NO ACTION
    ON UPDATE NO ACTION)
ENGINE = InnoDB;


-- -----------------------------------------------------
-- Table `collection`
-- -----------------------------------------------------
DROP TABLE IF EXISTS `collection` ;

CREATE TABLE IF NOT EXISTS `collection` (
  `id` INT NOT NULL AUTO_INCREMENT,
  `user_id` INT NOT NULL,
  `name` VARCHAR(45) NULL,
  `created_at` TIMESTAMP NULL,
  `thumbnail_url` VARCHAR(255) NULL,
  `background_url` VARCHAR(255) NULL,
  PRIMARY KEY (`id`),
  INDEX `fk_collection_user_idx` (`user_id` ASC),
  CONSTRAINT `fk_collection_user`
    FOREIGN KEY (`user_id`)
    REFERENCES `user` (`id`)
    ON DELETE NO ACTION
    ON UPDATE NO ACTION)
ENGINE = InnoDB;


-- -----------------------------------------------------
-- Table `story`
-- -----------------------------------------------------
DROP TABLE IF EXISTS `story` ;

CREATE TABLE IF NOT EXISTS `story` (
  `id` INT NOT NULL AUTO_INCREMENT,
  `title` VARCHAR(255) NULL,
  `created_at` TIMESTAMP NULL,
  `thumbnail_url` VARCHAR(255) NULL,
  `background_url` VARCHAR(255) NULL,
  PRIMARY KEY (`id`))
ENGINE = InnoDB;


-- -----------------------------------------------------
-- Table `collection_story`
-- -----------------------------------------------------
DROP TABLE IF EXISTS `collection_story` ;

CREATE TABLE IF NOT EXISTS `collection_story` (
  `collection_id` INT NOT NULL,
  `story_id` INT NOT NULL,
  INDEX `fk_collection_story_collection1_idx` (`collection_id` ASC),
  INDEX `fk_collection_story_story1_idx` (`story_id` ASC),
  CONSTRAINT `fk_collection_story_collection1`
    FOREIGN KEY (`collection_id`)
    REFERENCES `collection` (`id`)
    ON DELETE NO ACTION
    ON UPDATE NO ACTION,
  CONSTRAINT `fk_collection_story_story1`
    FOREIGN KEY (`story_id`)
    REFERENCES `story` (`id`)
    ON DELETE NO ACTION
    ON UPDATE NO ACTION)
ENGINE = InnoDB;


-- -----------------------------------------------------
-- Table `publication`
-- -----------------------------------------------------
DROP TABLE IF EXISTS `publication` ;

CREATE TABLE IF NOT EXISTS `publication` (
  `id` INT NOT NULL AUTO_INCREMENT,
  `name` VARCHAR(255) NULL,
  `created_at` TIMESTAMP NULL,
  `thumbnail_url` VARCHAR(255) NULL,
  `image_url` VARCHAR(255) NULL,
  PRIMARY KEY (`id`))
ENGINE = InnoDB;


-- -----------------------------------------------------
-- Table `cover_artwork`
-- -----------------------------------------------------
DROP TABLE IF EXISTS `cover_artwork` ;

CREATE TABLE IF NOT EXISTS `cover_artwork` (
  `id` INT NOT NULL AUTO_INCREMENT,
  `image_url` VARCHAR(255) NULL,
  PRIMARY KEY (`id`))
ENGINE = InnoDB;


-- -----------------------------------------------------
-- Table `magazine`
-- -----------------------------------------------------
DROP TABLE IF EXISTS `magazine` ;

CREATE TABLE IF NOT EXISTS `magazine` (
  `id` INT NOT NULL AUTO_INCREMENT,
  `cover_artwork_id` INT NULL,
  `publication_id` INT NULL,
  `name` VARCHAR(255) NULL,
  `created_at` TIMESTAMP NULL,
  `thumbnail_url` VARCHAR(255) NULL,
  `image_url` VARCHAR(255) NULL,
  PRIMARY KEY (`id`),
  INDEX `fk_magazine_cover_artwork1_idx` (`cover_artwork_id` ASC),
  INDEX `fk_magazine_publication1_idx` (`publication_id` ASC),
  CONSTRAINT `fk_magazine_cover_artwork1`
    FOREIGN KEY (`cover_artwork_id`)
    REFERENCES `cover_artwork` (`id`)
    ON DELETE NO ACTION
    ON UPDATE NO ACTION,
  CONSTRAINT `fk_magazine_publication1`
    FOREIGN KEY (`publication_id`)
    REFERENCES `publication` (`id`)
    ON DELETE NO ACTION
    ON UPDATE NO ACTION)
ENGINE = InnoDB;


-- -----------------------------------------------------
-- Table `author_profile`
-- -----------------------------------------------------
DROP TABLE IF EXISTS `author_profile` ;

CREATE TABLE IF NOT EXISTS `author_profile` (
  `id` INT NOT NULL AUTO_INCREMENT,
  `image_url` VARCHAR(255) NULL,
  `bio` TEXT NULL,
  PRIMARY KEY (`id`))
ENGINE = InnoDB;


-- -----------------------------------------------------
-- Table `author`
-- -----------------------------------------------------
DROP TABLE IF EXISTS `author` ;

CREATE TABLE IF NOT EXISTS `author` (
  `id` INT NOT NULL AUTO_INCREMENT,
  `full_name` VARCHAR(100) NULL,
  `author_profile_id` INT NOT NULL,
  `thumbnail_url` VARCHAR(255) NULL,
  `image_url` VARCHAR(255) NULL,
  PRIMARY KEY (`id`),
  INDEX `fk_author_author_profile1_idx` (`author_profile_id` ASC),
  CONSTRAINT `fk_author_author_profile1`
    FOREIGN KEY (`author_profile_id`)
    REFERENCES `author_profile` (`id`)
    ON DELETE NO ACTION
    ON UPDATE NO ACTION)
ENGINE = InnoDB;


-- -----------------------------------------------------
-- Table `magazine_story`
-- -----------------------------------------------------
DROP TABLE IF EXISTS `magazine_story` ;

CREATE TABLE IF NOT EXISTS `magazine_story` (
  `story_id` INT NOT NULL,
  `magazine_id` INT NOT NULL,
  INDEX `fk_magazine_story_story1_idx` (`story_id` ASC),
  INDEX `fk_magazine_story_magazine1_idx` (`magazine_id` ASC),
  CONSTRAINT `fk_magazine_story_story1`
    FOREIGN KEY (`story_id`)
    REFERENCES `story` (`id`)
    ON DELETE NO ACTION
    ON UPDATE NO ACTION,
  CONSTRAINT `fk_magazine_story_magazine1`
    FOREIGN KEY (`magazine_id`)
    REFERENCES `magazine` (`id`)
    ON DELETE NO ACTION
    ON UPDATE NO ACTION)
ENGINE = InnoDB;


-- -----------------------------------------------------
-- Table `story_author`
-- -----------------------------------------------------
DROP TABLE IF EXISTS `story_author` ;

CREATE TABLE IF NOT EXISTS `story_author` (
  `story_id` INT NOT NULL,
  `author_id` INT NOT NULL,
  INDEX `fk_story_author_story1_idx` (`story_id` ASC),
  INDEX `fk_story_author_author1_idx` (`author_id` ASC),
  CONSTRAINT `fk_story_author_story1`
    FOREIGN KEY (`story_id`)
    REFERENCES `story` (`id`)
    ON DELETE NO ACTION
    ON UPDATE NO ACTION,
  CONSTRAINT `fk_story_author_author1`
    FOREIGN KEY (`author_id`)
    REFERENCES `author` (`id`)
    ON DELETE NO ACTION
    ON UPDATE NO ACTION)
ENGINE = InnoDB;


-- -----------------------------------------------------
-- Table `story_comment`
-- -----------------------------------------------------
DROP TABLE IF EXISTS `story_comment` ;

CREATE TABLE IF NOT EXISTS `story_comment` (
  `id` INT NOT NULL AUTO_INCREMENT,
  `user_id` INT NOT NULL,
  `story_id` INT NOT NULL,
  `content` TEXT NULL,
  `created_at` TIMESTAMP NULL,
  `updated_at` TIMESTAMP NULL,
  `parent_comment_id` INT NULL,
  PRIMARY KEY (`id`),
  INDEX `fk_story_comment_user1_idx` (`user_id` ASC),
  INDEX `fk_story_comment_story1_idx` (`story_id` ASC),
  INDEX `fk_story_comment_story_comment1_idx` (`parent_comment_id` ASC),
  CONSTRAINT `fk_story_comment_user1`
    FOREIGN KEY (`user_id`)
    REFERENCES `user` (`id`)
    ON DELETE NO ACTION
    ON UPDATE NO ACTION,
  CONSTRAINT `fk_story_comment_story1`
    FOREIGN KEY (`story_id`)
    REFERENCES `story` (`id`)
    ON DELETE NO ACTION
    ON UPDATE NO ACTION,
  CONSTRAINT `fk_story_comment_story_comment1`
    FOREIGN KEY (`parent_comment_id`)
    REFERENCES `story_comment` (`id`)
    ON DELETE NO ACTION
    ON UPDATE NO ACTION)
ENGINE = InnoDB;


-- -----------------------------------------------------
-- Table `tag`
-- -----------------------------------------------------
DROP TABLE IF EXISTS `tag` ;

CREATE TABLE IF NOT EXISTS `tag` (
  `id` INT NOT NULL AUTO_INCREMENT,
  `genre` ENUM('DETECTIVE_CRIME', 'HORROR', 'WESTERN', 'ADVENTURE', 'ROMANCE', 'SCIENCE_FICTION', 'FANTASY', 'WAR_AND_AIR_COMBAT', 'SPORTS', 'NOT_SPECIFIED') NULL DEFAULT 'NOT_SPECIFIED',
  PRIMARY KEY (`id`))
ENGINE = InnoDB;


-- -----------------------------------------------------
-- Table `ticket`
-- -----------------------------------------------------
DROP TABLE IF EXISTS `ticket` ;

CREATE TABLE IF NOT EXISTS `ticket` (
  `id` INT NOT NULL AUTO_INCREMENT,
  `title` VARCHAR(255) NULL,
  `description` TEXT NULL,
  `created_at` TIMESTAMP NULL,
  `updated_at` TIMESTAMP NULL,
  `user_id` INT NOT NULL,
  PRIMARY KEY (`id`),
  INDEX `fk_ticket_user1_idx` (`user_id` ASC),
  CONSTRAINT `fk_ticket_user1`
    FOREIGN KEY (`user_id`)
    REFERENCES `user` (`id`)
    ON DELETE NO ACTION
    ON UPDATE NO ACTION)
ENGINE = InnoDB;


-- -----------------------------------------------------
-- Table `ticket_message`
-- -----------------------------------------------------
DROP TABLE IF EXISTS `ticket_message` ;

CREATE TABLE IF NOT EXISTS `ticket_message` (
  `id` INT NOT NULL AUTO_INCREMENT,
  `content` TEXT NULL,
  `created_at` TIMESTAMP NULL,
  `user_id` INT NOT NULL,
  `ticket_id` INT NOT NULL,
  PRIMARY KEY (`id`),
  INDEX `fk_ticket_message_user1_idx` (`user_id` ASC),
  INDEX `fk_ticket_message_ticket1_idx` (`ticket_id` ASC),
  CONSTRAINT `fk_ticket_message_user1`
    FOREIGN KEY (`user_id`)
    REFERENCES `user` (`id`)
    ON DELETE NO ACTION
    ON UPDATE NO ACTION,
  CONSTRAINT `fk_ticket_message_ticket1`
    FOREIGN KEY (`ticket_id`)
    REFERENCES `ticket` (`id`)
    ON DELETE NO ACTION
    ON UPDATE NO ACTION)
ENGINE = InnoDB;


-- -----------------------------------------------------
-- Table `notification`
-- -----------------------------------------------------
DROP TABLE IF EXISTS `notification` ;

CREATE TABLE IF NOT EXISTS `notification` (
  `id` INT NOT NULL AUTO_INCREMENT,
  `content` TEXT NULL,
  `created_at` TIMESTAMP NULL,
  PRIMARY KEY (`id`))
ENGINE = InnoDB;


-- -----------------------------------------------------
-- Table `user_notification`
-- -----------------------------------------------------
DROP TABLE IF EXISTS `user_notification` ;

CREATE TABLE IF NOT EXISTS `user_notification` (
  `id` INT NOT NULL AUTO_INCREMENT,
  `user_id` INT NOT NULL,
  `notification_id` INT NOT NULL,
  `viewed` TINYINT NULL,
  `viewed_at` TIMESTAMP NULL,
  `dismissed` TINYINT NULL,
  `dismissed_at` TIMESTAMP NULL,
  PRIMARY KEY (`id`),
  INDEX `fk_user_notification_user1_idx` (`user_id` ASC),
  INDEX `fk_user_notification_notification1_idx` (`notification_id` ASC),
  CONSTRAINT `fk_user_notification_user1`
    FOREIGN KEY (`user_id`)
    REFERENCES `user` (`id`)
    ON DELETE NO ACTION
    ON UPDATE NO ACTION,
  CONSTRAINT `fk_user_notification_notification1`
    FOREIGN KEY (`notification_id`)
    REFERENCES `notification` (`id`)
    ON DELETE NO ACTION
    ON UPDATE NO ACTION)
ENGINE = InnoDB;


-- -----------------------------------------------------
-- Table `rating`
-- -----------------------------------------------------
DROP TABLE IF EXISTS `rating` ;

CREATE TABLE IF NOT EXISTS `rating` (
  `id` INT NOT NULL AUTO_INCREMENT,
  `rating_value` VARCHAR(45) NULL,
  `created_at` TIMESTAMP NULL,
  PRIMARY KEY (`id`))
ENGINE = InnoDB;


-- -----------------------------------------------------
-- Table `publication_tag`
-- -----------------------------------------------------
DROP TABLE IF EXISTS `publication_tag` ;

CREATE TABLE IF NOT EXISTS `publication_tag` (
  `publication_id` INT NOT NULL,
  `tag_id` INT NOT NULL,
  INDEX `fk_publication_tag_publication1_idx` (`publication_id` ASC),
  INDEX `fk_publication_tag_tag1_idx` (`tag_id` ASC),
  CONSTRAINT `fk_publication_tag_publication1`
    FOREIGN KEY (`publication_id`)
    REFERENCES `publication` (`id`)
    ON DELETE NO ACTION
    ON UPDATE NO ACTION,
  CONSTRAINT `fk_publication_tag_tag1`
    FOREIGN KEY (`tag_id`)
    REFERENCES `tag` (`id`)
    ON DELETE NO ACTION
    ON UPDATE NO ACTION)
ENGINE = InnoDB;


-- -----------------------------------------------------
-- Table `magazine_tag`
-- -----------------------------------------------------
DROP TABLE IF EXISTS `magazine_tag` ;

CREATE TABLE IF NOT EXISTS `magazine_tag` (
  `magazine_id` INT NOT NULL,
  `tag_id` INT NOT NULL,
  INDEX `fk_magazine_tag_magazine1_idx` (`magazine_id` ASC),
  INDEX `fk_magazine_tag_tag1_idx` (`tag_id` ASC),
  CONSTRAINT `fk_magazine_tag_magazine1`
    FOREIGN KEY (`magazine_id`)
    REFERENCES `magazine` (`id`)
    ON DELETE NO ACTION
    ON UPDATE NO ACTION,
  CONSTRAINT `fk_magazine_tag_tag1`
    FOREIGN KEY (`tag_id`)
    REFERENCES `tag` (`id`)
    ON DELETE NO ACTION
    ON UPDATE NO ACTION)
ENGINE = InnoDB;


-- -----------------------------------------------------
-- Table `story_tag`
-- -----------------------------------------------------
DROP TABLE IF EXISTS `story_tag` ;

CREATE TABLE IF NOT EXISTS `story_tag` (
  `story_id` INT NOT NULL,
  `tag_id` INT NOT NULL,
  INDEX `fk_story_tag_story1_idx` (`story_id` ASC),
  INDEX `fk_story_tag_tag1_idx` (`tag_id` ASC),
  CONSTRAINT `fk_story_tag_story1`
    FOREIGN KEY (`story_id`)
    REFERENCES `story` (`id`)
    ON DELETE NO ACTION
    ON UPDATE NO ACTION,
  CONSTRAINT `fk_story_tag_tag1`
    FOREIGN KEY (`tag_id`)
    REFERENCES `tag` (`id`)
    ON DELETE NO ACTION
    ON UPDATE NO ACTION)
ENGINE = InnoDB;


-- -----------------------------------------------------
-- Table `author_tag`
-- -----------------------------------------------------
DROP TABLE IF EXISTS `author_tag` ;

CREATE TABLE IF NOT EXISTS `author_tag` (
  `author_id` INT NOT NULL,
  `tag_id` INT NOT NULL,
  INDEX `fk_author_tag_author1_idx` (`author_id` ASC),
  INDEX `fk_author_tag_tag1_idx` (`tag_id` ASC),
  CONSTRAINT `fk_author_tag_author1`
    FOREIGN KEY (`author_id`)
    REFERENCES `author` (`id`)
    ON DELETE NO ACTION
    ON UPDATE NO ACTION,
  CONSTRAINT `fk_author_tag_tag1`
    FOREIGN KEY (`tag_id`)
    REFERENCES `tag` (`id`)
    ON DELETE NO ACTION
    ON UPDATE NO ACTION)
ENGINE = InnoDB;


-- -----------------------------------------------------
-- Table `story_pdf`
-- -----------------------------------------------------
DROP TABLE IF EXISTS `story_pdf` ;

CREATE TABLE IF NOT EXISTS `story_pdf` (
  `id` INT NOT NULL AUTO_INCREMENT,
  `story_id` INT NOT NULL,
  `story_url` VARCHAR(1000) NULL,
  PRIMARY KEY (`id`),
  INDEX `fk_story_url_story1_idx` (`story_id` ASC),
  CONSTRAINT `fk_story_url_story1`
    FOREIGN KEY (`story_id`)
    REFERENCES `story` (`id`)
    ON DELETE NO ACTION
    ON UPDATE NO ACTION)
ENGINE = InnoDB;


-- -----------------------------------------------------
-- Table `member`
-- -----------------------------------------------------
DROP TABLE IF EXISTS `member` ;

CREATE TABLE IF NOT EXISTS `member` (
  `id` INT NOT NULL,
  `name` VARCHAR(100) NULL,
  `description` TEXT NULL,
  `image_url` VARCHAR(255) NULL,
  `thumbnail_url` VARCHAR(255) NULL,
  PRIMARY KEY (`id`))
ENGINE = InnoDB;


-- -----------------------------------------------------
-- Table `story_member`
-- -----------------------------------------------------
DROP TABLE IF EXISTS `story_member` ;

CREATE TABLE IF NOT EXISTS `story_member` (
  `story_id` INT NOT NULL,
  `member_id` INT NOT NULL,
  INDEX `fk_story_character_story1_idx` (`story_id` ASC),
  INDEX `fk_story_member_member1_idx` (`member_id` ASC),
  CONSTRAINT `fk_story_character_story1`
    FOREIGN KEY (`story_id`)
    REFERENCES `story` (`id`)
    ON DELETE NO ACTION
    ON UPDATE NO ACTION,
  CONSTRAINT `fk_story_member_member1`
    FOREIGN KEY (`member_id`)
    REFERENCES `member` (`id`)
    ON DELETE NO ACTION
    ON UPDATE NO ACTION)
ENGINE = InnoDB;


-- -----------------------------------------------------
-- Table `user_has_follower`
-- -----------------------------------------------------
DROP TABLE IF EXISTS `user_has_follower` ;

CREATE TABLE IF NOT EXISTS `user_has_follower` (
  `follower_id` INT NOT NULL,
  `followed_id` INT NOT NULL,
  `created_at` TIMESTAMP NULL,
  INDEX `fk_user_has_follower_user1_idx` (`follower_id` ASC),
  INDEX `fk_user_has_follower_user2_idx` (`followed_id` ASC),
  CONSTRAINT `fk_user_has_follower_user1`
    FOREIGN KEY (`follower_id`)
    REFERENCES `user` (`id`)
    ON DELETE NO ACTION
    ON UPDATE NO ACTION,
  CONSTRAINT `fk_user_has_follower_user2`
    FOREIGN KEY (`followed_id`)
    REFERENCES `user` (`id`)
    ON DELETE NO ACTION
    ON UPDATE NO ACTION)
ENGINE = InnoDB;


-- -----------------------------------------------------
-- Table `group_conversation`
-- -----------------------------------------------------
DROP TABLE IF EXISTS `group_conversation` ;

CREATE TABLE IF NOT EXISTS `group_conversation` (
  `id` INT NOT NULL AUTO_INCREMENT,
  `created_at` TIMESTAMP NULL,
  `updated_at` TIMESTAMP NULL,
  PRIMARY KEY (`id`))
ENGINE = InnoDB;


-- -----------------------------------------------------
-- Table `member_group`
-- -----------------------------------------------------
DROP TABLE IF EXISTS `member_group` ;

CREATE TABLE IF NOT EXISTS `member_group` (
  `id` INT NOT NULL AUTO_INCREMENT,
  `name` VARCHAR(255) NULL,
  `description` TEXT NULL,
  `user_id` INT NOT NULL,
  `created_at` TIMESTAMP NULL,
  `group_conversation_id` INT NOT NULL,
  PRIMARY KEY (`id`),
  INDEX `fk_group_user1_idx` (`user_id` ASC),
  INDEX `fk_group_group_conversation1_idx` (`group_conversation_id` ASC),
  CONSTRAINT `fk_group_user1`
    FOREIGN KEY (`user_id`)
    REFERENCES `user` (`id`)
    ON DELETE NO ACTION
    ON UPDATE NO ACTION,
  CONSTRAINT `fk_group_group_conversation1`
    FOREIGN KEY (`group_conversation_id`)
    REFERENCES `group_conversation` (`id`)
    ON DELETE NO ACTION
    ON UPDATE NO ACTION)
ENGINE = InnoDB;


-- -----------------------------------------------------
-- Table `group_member`
-- -----------------------------------------------------
DROP TABLE IF EXISTS `group_member` ;

CREATE TABLE IF NOT EXISTS `group_member` (
  `id` INT NOT NULL AUTO_INCREMENT,
  `user_id` INT NOT NULL,
  `created_at` TIMESTAMP NULL,
  `member_group_id` INT NOT NULL,
  PRIMARY KEY (`id`),
  INDEX `fk_group_member_user1_idx` (`user_id` ASC),
  INDEX `fk_group_member_member_group1_idx` (`member_group_id` ASC),
  CONSTRAINT `fk_group_member_user1`
    FOREIGN KEY (`user_id`)
    REFERENCES `user` (`id`)
    ON DELETE NO ACTION
    ON UPDATE NO ACTION,
  CONSTRAINT `fk_group_member_member_group1`
    FOREIGN KEY (`member_group_id`)
    REFERENCES `member_group` (`id`)
    ON DELETE NO ACTION
    ON UPDATE NO ACTION)
ENGINE = InnoDB;


-- -----------------------------------------------------
-- Table `user_conversation`
-- -----------------------------------------------------
DROP TABLE IF EXISTS `user_conversation` ;

CREATE TABLE IF NOT EXISTS `user_conversation` (
  `id` INT NOT NULL AUTO_INCREMENT,
  `user_id` INT NOT NULL,
  `created_at` TIMESTAMP NULL,
  `updated_at` TIMESTAMP NULL,
  PRIMARY KEY (`id`),
  INDEX `fk_user_conversation_user1_idx` (`user_id` ASC),
  CONSTRAINT `fk_user_conversation_user1`
    FOREIGN KEY (`user_id`)
    REFERENCES `user` (`id`)
    ON DELETE NO ACTION
    ON UPDATE NO ACTION)
ENGINE = InnoDB;


-- -----------------------------------------------------
-- Table `private_message`
-- -----------------------------------------------------
DROP TABLE IF EXISTS `private_message` ;

CREATE TABLE IF NOT EXISTS `private_message` (
  `id` INT NOT NULL AUTO_INCREMENT,
  `user_conversation_id` INT NOT NULL,
  `content` TEXT NULL,
  `created_at` TIMESTAMP NULL,
  `sender_id` INT NOT NULL,
  `recipient_id` INT NOT NULL,
  PRIMARY KEY (`id`),
  INDEX `fk_private_message_user_conversation1_idx` (`user_conversation_id` ASC),
  INDEX `fk_private_message_user1_idx` (`sender_id` ASC),
  INDEX `fk_private_message_user2_idx` (`recipient_id` ASC),
  CONSTRAINT `fk_private_message_user_conversation1`
    FOREIGN KEY (`user_conversation_id`)
    REFERENCES `user_conversation` (`id`)
    ON DELETE NO ACTION
    ON UPDATE NO ACTION,
  CONSTRAINT `fk_private_message_user1`
    FOREIGN KEY (`sender_id`)
    REFERENCES `user` (`id`)
    ON DELETE NO ACTION
    ON UPDATE NO ACTION,
  CONSTRAINT `fk_private_message_user2`
    FOREIGN KEY (`recipient_id`)
    REFERENCES `user` (`id`)
    ON DELETE NO ACTION
    ON UPDATE NO ACTION)
ENGINE = InnoDB;


-- -----------------------------------------------------
-- Table `group_message`
-- -----------------------------------------------------
DROP TABLE IF EXISTS `group_message` ;

CREATE TABLE IF NOT EXISTS `group_message` (
  `id` INT NOT NULL AUTO_INCREMENT,
  `group_conversation_id` INT NOT NULL,
  `group_member_id` INT NOT NULL,
  `message` TEXT NULL,
  `created_at` TIMESTAMP NULL,
  PRIMARY KEY (`id`),
  INDEX `fk_group_message_group_conversation1_idx` (`group_conversation_id` ASC),
  INDEX `fk_group_message_group_member1_idx` (`group_member_id` ASC),
  CONSTRAINT `fk_group_message_group_conversation1`
    FOREIGN KEY (`group_conversation_id`)
    REFERENCES `group_conversation` (`id`)
    ON DELETE NO ACTION
    ON UPDATE NO ACTION,
  CONSTRAINT `fk_group_message_group_member1`
    FOREIGN KEY (`group_member_id`)
    REFERENCES `group_member` (`id`)
    ON DELETE NO ACTION
    ON UPDATE NO ACTION)
ENGINE = InnoDB;


-- -----------------------------------------------------
-- Table `magazine_pdf`
-- -----------------------------------------------------
DROP TABLE IF EXISTS `magazine_pdf` ;

CREATE TABLE IF NOT EXISTS `magazine_pdf` (
  `id` INT NOT NULL AUTO_INCREMENT,
  `magazine_url` VARCHAR(255) NULL,
  `magazine_id` INT NOT NULL,
  PRIMARY KEY (`id`),
  INDEX `fk_magazine_pdf_magazine1_idx` (`magazine_id` ASC),
  CONSTRAINT `fk_magazine_pdf_magazine1`
    FOREIGN KEY (`magazine_id`)
    REFERENCES `magazine` (`id`)
    ON DELETE NO ACTION
    ON UPDATE NO ACTION)
ENGINE = InnoDB;

SET SQL_MODE = '';
DROP USER IF EXISTS thepulps@localhost;
SET SQL_MODE='ONLY_FULL_GROUP_BY,STRICT_TRANS_TABLES,NO_ZERO_IN_DATE,NO_ZERO_DATE,ERROR_FOR_DIVISION_BY_ZERO,NO_ENGINE_SUBSTITUTION';
CREATE USER 'thepulps'@'localhost' IDENTIFIED BY 'thepulps';

GRANT SELECT, INSERT, TRIGGER, UPDATE, DELETE ON TABLE * TO 'thepulps'@'localhost';

SET SQL_MODE=@OLD_SQL_MODE;
SET FOREIGN_KEY_CHECKS=@OLD_FOREIGN_KEY_CHECKS;
SET UNIQUE_CHECKS=@OLD_UNIQUE_CHECKS;

-- -----------------------------------------------------
-- Data for table `user_profile`
-- -----------------------------------------------------
START TRANSACTION;
USE `thepulpsdb`;
INSERT INTO `user_profile` (`id`, `image_url`, `bio`) VALUES (1, 'https://w7.pngwing.com/pngs/831/88/png-transparent-user-profile-computer-icons-user-interface-mystique-miscellaneous-user-interface-design-smile-thumbnail.png', 'I am the ruler of this domain');
INSERT INTO `user_profile` (`id`, `image_url`, `bio`) VALUES (2, 'https://www.comicbookreligion.com/img/s/o/Solomon_Kane_2.jpg', 'A somber-looking man who wanders the world with no apparent goal other than to vanquish evil in all its forms.');
INSERT INTO `user_profile` (`id`, `image_url`, `bio`) VALUES (3, 'https://i0.wp.com/www.tor.com/wp-content/uploads/2014/12/GaryGianniConan.jpg', 'Hither came Conan, the Cimmerian, black-haired, sullen-eyed, sword in hand, a thief, a reaver, a slayer, with gigantic melancholies and gigantic mirth, to tread the jeweled thrones of the Earth under his sandalled feet.');

COMMIT;


-- -----------------------------------------------------
-- Data for table `user`
-- -----------------------------------------------------
START TRANSACTION;
USE `thepulpsdb`;
INSERT INTO `user` (`id`, `username`, `password`, `enabled`, `role`, `user_profile_id`, `email`, `first_name`, `last_name`) VALUES (1, 'admin', '$2a$10$4SMKDcs9jT18dbFxqtIqDeLEynC7MUrCEUbv1a/bhO.x9an9WGPvm', 1, 'ADMIN', 1, NULL, NULL, NULL);
INSERT INTO `user` (`id`, `username`, `password`, `enabled`, `role`, `user_profile_id`, `email`, `first_name`, `last_name`) VALUES (2, 'Solomon', '$2a$10$4SMKDcs9jT18dbFxqtIqDeLEynC7MUrCEUbv1a/bhO.x9an9WGPvm', 1, 'STANDARD', 2, NULL, NULL, NULL);
INSERT INTO `user` (`id`, `username`, `password`, `enabled`, `role`, `user_profile_id`, `email`, `first_name`, `last_name`) VALUES (3, 'Conan', '$2a$10$4SMKDcs9jT18dbFxqtIqDeLEynC7MUrCEUbv1a/bhO.x9an9WGPvm', 1, 'STANDARD', 3, NULL, NULL, NULL);

COMMIT;


-- -----------------------------------------------------
-- Data for table `collection`
-- -----------------------------------------------------
START TRANSACTION;
USE `thepulpsdb`;
INSERT INTO `collection` (`id`, `user_id`, `name`, `created_at`, `thumbnail_url`, `background_url`) VALUES (1, 1, 'Favorites', '2023-03-03T12:35:22', NULL, NULL);

COMMIT;


-- -----------------------------------------------------
-- Data for table `story`
-- -----------------------------------------------------
START TRANSACTION;
USE `thepulpsdb`;
INSERT INTO `story` (`id`, `title`, `created_at`, `thumbnail_url`, `background_url`) VALUES (1, 'Red Shadows', '2023-03-03T12:35:22', NULL, NULL);

COMMIT;


-- -----------------------------------------------------
-- Data for table `collection_story`
-- -----------------------------------------------------
START TRANSACTION;
USE `thepulpsdb`;
INSERT INTO `collection_story` (`collection_id`, `story_id`) VALUES (1, 1);

COMMIT;


-- -----------------------------------------------------
-- Data for table `publication`
-- -----------------------------------------------------
START TRANSACTION;
USE `thepulpsdb`;
INSERT INTO `publication` (`id`, `name`, `created_at`, `thumbnail_url`, `image_url`) VALUES (1, 'Weird Tales', '2023-03-03T12:35:22', NULL, NULL);

COMMIT;


-- -----------------------------------------------------
-- Data for table `cover_artwork`
-- -----------------------------------------------------
START TRANSACTION;
USE `thepulpsdb`;
INSERT INTO `cover_artwork` (`id`, `image_url`) VALUES (1, 'https://upload.wikimedia.org/wikipedia/commons/thumb/6/6a/Weird_Tales_August_1928.jpg/800px-Weird_Tales_August_1928.jpg');

COMMIT;


-- -----------------------------------------------------
-- Data for table `magazine`
-- -----------------------------------------------------
START TRANSACTION;
USE `thepulpsdb`;
INSERT INTO `magazine` (`id`, `cover_artwork_id`, `publication_id`, `name`, `created_at`, `thumbnail_url`, `image_url`) VALUES (1, 1, 1, 'Weird Tales, August 1928', '2023-03-03T12:35:22', NULL, NULL);

COMMIT;


-- -----------------------------------------------------
-- Data for table `author_profile`
-- -----------------------------------------------------
START TRANSACTION;
USE `thepulpsdb`;
INSERT INTO `author_profile` (`id`, `image_url`, `bio`) VALUES (1, 'https://upload.wikimedia.org/wikipedia/commons/thumb/5/50/Robert_E_Howard_suit.jpg/440px-Robert_E_Howard_suit.jpg', 'Howard was one of the most prolific short story writers in American history, and has created such beloved characters as Conan the Barbarian, Kull of Atlantis, Soloman Kane, Bran Mak Morn, El Borak, and Dark Agnès de Chastillon. He tragically passed away in 1936.');

COMMIT;


-- -----------------------------------------------------
-- Data for table `author`
-- -----------------------------------------------------
START TRANSACTION;
USE `thepulpsdb`;
INSERT INTO `author` (`id`, `full_name`, `author_profile_id`, `thumbnail_url`, `image_url`) VALUES (1, 'Robert E. Howard', 1, NULL, NULL);

COMMIT;


-- -----------------------------------------------------
-- Data for table `magazine_story`
-- -----------------------------------------------------
START TRANSACTION;
USE `thepulpsdb`;
INSERT INTO `magazine_story` (`story_id`, `magazine_id`) VALUES (1, 1);

COMMIT;


-- -----------------------------------------------------
-- Data for table `story_author`
-- -----------------------------------------------------
START TRANSACTION;
USE `thepulpsdb`;
INSERT INTO `story_author` (`story_id`, `author_id`) VALUES (1, 1);

COMMIT;


-- -----------------------------------------------------
-- Data for table `story_comment`
-- -----------------------------------------------------
START TRANSACTION;
USE `thepulpsdb`;
INSERT INTO `story_comment` (`id`, `user_id`, `story_id`, `content`, `created_at`, `updated_at`, `parent_comment_id`) VALUES (1, 1, 1, 'Slowly he rose, mechanically wiping his hands upon his cloak. A dark scowl had settled on his somber brow. Yet he made no wild, reckless vow, swore no oath by saints or devils.', '2023-03-03T12:35:22', NULL, NULL);
INSERT INTO `story_comment` (`id`, `user_id`, `story_id`, `content`, `created_at`, `updated_at`, `parent_comment_id`) VALUES (2, 2, 1, '\"Men shall die for this,\" he said coldly.', '2023-03-03T12:35:23', NULL, 1);

COMMIT;


-- -----------------------------------------------------
-- Data for table `tag`
-- -----------------------------------------------------
START TRANSACTION;
USE `thepulpsdb`;
INSERT INTO `tag` (`id`, `genre`) VALUES (1, 'DETECTIVE_CRIME');
INSERT INTO `tag` (`id`, `genre`) VALUES (2, 'HORROR');
INSERT INTO `tag` (`id`, `genre`) VALUES (3, 'WESTERN');
INSERT INTO `tag` (`id`, `genre`) VALUES (4, 'ADVENTURE');
INSERT INTO `tag` (`id`, `genre`) VALUES (5, 'ROMANCE');
INSERT INTO `tag` (`id`, `genre`) VALUES (6, 'SCIENCE_FICTION');
INSERT INTO `tag` (`id`, `genre`) VALUES (7, 'FANTASY');
INSERT INTO `tag` (`id`, `genre`) VALUES (8, 'WAR_AND_AIR_COMBAT');
INSERT INTO `tag` (`id`, `genre`) VALUES (9, 'SPORTS');
INSERT INTO `tag` (`id`, `genre`) VALUES (10, 'NOT_SPECIFIED');

COMMIT;


-- -----------------------------------------------------
-- Data for table `publication_tag`
-- -----------------------------------------------------
START TRANSACTION;
USE `thepulpsdb`;
INSERT INTO `publication_tag` (`publication_id`, `tag_id`) VALUES (1, 2);
INSERT INTO `publication_tag` (`publication_id`, `tag_id`) VALUES (1, 7);

COMMIT;


-- -----------------------------------------------------
-- Data for table `magazine_tag`
-- -----------------------------------------------------
START TRANSACTION;
USE `thepulpsdb`;
INSERT INTO `magazine_tag` (`magazine_id`, `tag_id`) VALUES (1, 2);
INSERT INTO `magazine_tag` (`magazine_id`, `tag_id`) VALUES (1, 7);

COMMIT;


-- -----------------------------------------------------
-- Data for table `story_tag`
-- -----------------------------------------------------
START TRANSACTION;
USE `thepulpsdb`;
INSERT INTO `story_tag` (`story_id`, `tag_id`) VALUES (1, 2);
INSERT INTO `story_tag` (`story_id`, `tag_id`) VALUES (1, 7);

COMMIT;


-- -----------------------------------------------------
-- Data for table `author_tag`
-- -----------------------------------------------------
START TRANSACTION;
USE `thepulpsdb`;
INSERT INTO `author_tag` (`author_id`, `tag_id`) VALUES (1, 2);
INSERT INTO `author_tag` (`author_id`, `tag_id`) VALUES (1, 3);
INSERT INTO `author_tag` (`author_id`, `tag_id`) VALUES (1, 4);
INSERT INTO `author_tag` (`author_id`, `tag_id`) VALUES (1, 6);
INSERT INTO `author_tag` (`author_id`, `tag_id`) VALUES (1, 7);

COMMIT;


-- -----------------------------------------------------
-- Data for table `story_pdf`
-- -----------------------------------------------------
START TRANSACTION;
USE `thepulpsdb`;
INSERT INTO `story_pdf` (`id`, `story_id`, `story_url`) VALUES (1, 1, 'https://nyc3.digitaloceanspaces.com/sffaudio-usa/mp3s/RedShadowsByRobertE.HowardWT.pdf');

COMMIT;


-- -----------------------------------------------------
-- Data for table `member`
-- -----------------------------------------------------
START TRANSACTION;
USE `thepulpsdb`;
INSERT INTO `member` (`id`, `name`, `description`, `image_url`, `thumbnail_url`) VALUES (1, 'Solomon Kane', 'A late-16th-to-early-17th century Puritan, Solomon Kane is a somber-looking man who wanders the world with no apparent goal other than to vanquish evil in all its forms.', NULL, NULL);

COMMIT;


-- -----------------------------------------------------
-- Data for table `story_member`
-- -----------------------------------------------------
START TRANSACTION;
USE `thepulpsdb`;
INSERT INTO `story_member` (`story_id`, `member_id`) VALUES (1, 1);

COMMIT;


-- -----------------------------------------------------
-- Data for table `user_has_follower`
-- -----------------------------------------------------
START TRANSACTION;
USE `thepulpsdb`;
INSERT INTO `user_has_follower` (`follower_id`, `followed_id`, `created_at`) VALUES (2, 3, '2023-05-19T11:35:22');

COMMIT;


-- -----------------------------------------------------
-- Data for table `group_conversation`
-- -----------------------------------------------------
START TRANSACTION;
USE `thepulpsdb`;
INSERT INTO `group_conversation` (`id`, `created_at`, `updated_at`) VALUES (1, '2023-06-19T11:35:22', '2023-06-19T11:35:22');

COMMIT;


-- -----------------------------------------------------
-- Data for table `member_group`
-- -----------------------------------------------------
START TRANSACTION;
USE `thepulpsdb`;
INSERT INTO `member_group` (`id`, `name`, `description`, `user_id`, `created_at`, `group_conversation_id`) VALUES (1, 'Robert E. Howard Club', 'We are a passionate group of people who enjoy discussing everything Robert E. Howard', 2, '2023-06-19T11:35:22', 1);

COMMIT;


-- -----------------------------------------------------
-- Data for table `group_member`
-- -----------------------------------------------------
START TRANSACTION;
USE `thepulpsdb`;
INSERT INTO `group_member` (`id`, `user_id`, `created_at`, `member_group_id`) VALUES (1, 2, '2023-06-19T11:35:22', 1);

COMMIT;


-- -----------------------------------------------------
-- Data for table `user_conversation`
-- -----------------------------------------------------
START TRANSACTION;
USE `thepulpsdb`;
INSERT INTO `user_conversation` (`id`, `user_id`, `created_at`, `updated_at`) VALUES (1, 2, '2023-06-19T11:35:22', '2023-05-19T11:35:22');

COMMIT;


-- -----------------------------------------------------
-- Data for table `private_message`
-- -----------------------------------------------------
START TRANSACTION;
USE `thepulpsdb`;
INSERT INTO `private_message` (`id`, `user_conversation_id`, `content`, `created_at`, `sender_id`, `recipient_id`) VALUES (1, 1, 'We were both written by the same author.', '2023-06-19T11:35:22', 2, 3);

COMMIT;


-- -----------------------------------------------------
-- Data for table `group_message`
-- -----------------------------------------------------
START TRANSACTION;
USE `thepulpsdb`;
INSERT INTO `group_message` (`id`, `group_conversation_id`, `group_member_id`, `message`, `created_at`) VALUES (1, 1, 1, 'Hello REH enthusiasts!', '2023-06-19T11:35:22');

COMMIT;


-- -----------------------------------------------------
-- Data for table `magazine_pdf`
-- -----------------------------------------------------
START TRANSACTION;
USE `thepulpsdb`;
INSERT INTO `magazine_pdf` (`id`, `magazine_url`, `magazine_id`) VALUES (1, 'https://ia803002.us.archive.org/22/items/WeirdTalesV12N02192808sasIfcIbc/Weird%20Tales%20v12%20n02%20%5B1928-08%5D%20%28sas%29%20%7B-ifc%2C%20ibc%7D.pdf', 1);

COMMIT;

